Wall time,Step,Value
1627866212.9344249,1,0.776120970249176
1627866430.467305,2,0.7997864675521851
1627866648.302869,3,0.8058007049560547
1627866866.2295363,4,0.8217615818977356
1627867084.5840752,5,0.8123487520217896
1627867301.6908488,6,0.7815658640861511
1627867517.8878193,7,0.770498206615448
1627867734.8643565,8,0.7783629894256592
1627867950.779908,9,0.7666903734207153
1627868166.9166472,10,0.7686832547187805
