Wall time,Step,Value
1627879025.873367,1,0.7537722682952881
1627879195.4881952,2,0.7391458940505981
1627879370.7504804,3,0.7810320544242859
1627879547.3441732,4,0.7924377059936523
1627879724.4858665,5,0.7616725850105286
1627879901.386186,6,0.7659074854850769
1627880078.1629739,7,0.7662989592552185
1627880254.529877,8,0.7459074854850769
1627880431.2923136,9,0.7417793869972229
1627880608.275602,10,0.7373665571212769
