Wall time,Step,Value
1627876864.6982255,1,0.7320996522903442
1627877060.6059434,2,0.7328113913536072
1627877256.6815944,3,0.7322419881820679
1627877452.4943533,4,0.7332384586334229
1627877648.2485929,5,0.7302491068840027
1627877844.5374649,6,0.7335231304168701
1627878040.5580902,7,0.7333807945251465
1627878236.6858816,8,0.7332384586334229
1627878432.6146991,9,0.7335231304168701
1627878628.4436483,10,0.7333807945251465
