Wall time,Step,Value
1627879390.6743386,1,0.7333807945251465
1627879567.8711126,2,0.7320996522903442
1627879744.980223,3,0.7335231304168701
1627879922.1534424,4,0.7326690554618835
1627880099.3059068,5,0.7320996522903442
1627880276.5454535,6,0.7242704629898071
1627880454.00781,7,0.7325267195701599
1627880630.163462,8,0.7296797037124634
1627880800.3156872,9,0.7187188863754272
1627880970.2892406,10,0.7318149209022522
